name,value
1,100.0
2,66.10169491525424
3,50.847457627118644
4,45.76271186440678
5,40.67796610169492
6,28.8135593220339
7,23.728813559322035
10,18.64406779661017
12,15.254237288135593
13,11.864406779661017
15,10.16949152542373
16,8.47457627118644
19,5.084745762711865
32,3.389830508474576
145,1.694915254237288
